{"cameraMode":{"drawMode":0,"name":"Shaded","section":"Shading Mode"},"sceneLighting":true,"audioPlay":false,"sceneViewState":{"m_AlwaysRefresh":false,"showFog":true,"showSkybox":true,"showFlares":true,"showImageEffects":true,"showParticleSystems":true,"showVisualEffectGraphs":true,"m_FxEnabled":true},"in2DMode":false,"pivot":{"x":-0.4878280460834503,"y":0.25045639276504519,"z":1.0263526439666749},"rotation":{"x":-0.36176803708076479,"y":0.05394282564520836,"z":-0.020979702472686769,"w":-0.9304872751235962},"size":1.364316701889038,"orthographic":false}