{"cameraMode":{"drawMode":0,"name":"Shaded","section":"Shading Mode"},"sceneLighting":false,"audioPlay":false,"sceneViewState":{"m_AlwaysRefresh":false,"showFog":true,"showSkybox":false,"showFlares":true,"showImageEffects":true,"showParticleSystems":true,"showVisualEffectGraphs":true,"m_FxEnabled":true},"in2DMode":false,"pivot":{"x":0.013449020683765412,"y":0.1316787302494049,"z":0.03391452506184578},"rotation":{"x":-0.025927864015102388,"y":-0.9438424706459045,"z":0.32045385241508486,"w":-0.07633797824382782},"size":0.3074243366718292,"orthographic":false}